{
    "amazon.com": {
        "ipv4": [
            " 54.239.28.85",
            " 52.94.236.248",
            " 205.251.242.10",
            " 205.251.242.103",
            " 52.94.236.24",
            " 54.239.28.8"
        ],
        "ipv6": [],
        "scan_ time": 1700802639.8420448
    },
    "asee.org": {
        "ipv4": [
            " 20.49.104.4"
        ],
        "ipv6": [],
        "scan_ time": 1700803021.341214
    },
    "auditoryneuroscience.com": {
        "ipv4": [
            " 144.214.26.11"
        ],
        "ipv6": [],
        "scan_ time": 1700802998.2887208
    },
    "clocktab.com": {
        "ipv4": [
            " 172.67.172.37",
            " 104.21.47.19",
            " 104.21.47.194",
            " 172.67.172.3",
            " 172.64.80."
        ],
        "ipv6": [
            "2606:4700:3036::ac43:ac25",
            "2606:4700:3036::6815:2fc2",
            "2606:4700:130:436c:6f75:6466:6c61:7265"
        ],
        "scan_ time": 1700802979.783993
    },
    "en.wikipedia.org": {
        "ipv4": [
            " 208.80.154.22",
            " 208.80.153.22",
            " 185.15.59.22"
        ],
        "ipv6": [
            "2620:0:861:ed1a::1",
            "2620:0:860:ed1a::1",
            "2a02:ec80:300:ed1a::1"
        ],
        "scan_ time": 1700802584.3747358
    },
    "facebook.com": {
        "ipv4": [
            " 157.240.254.3",
            " 157.240.249.3",
            " 31.13.71.3",
            " 157.240.229.3",
            " 31.13.80.3",
            " 157.240.22.3",
            " 31.13.66.3",
            " 157.240.14.3",
            " 157.240.15.3",
            " 157.240.245.3",
            " 157.240.0.3",
            " 157.240.252.3",
            " 31.13.88.3"
        ],
        "ipv6": [
            "2a03:2880:f175:181:face:b00c:0:25de",
            "2a03:2880:f175:81:face:b00c:0:25de",
            "2a03:2880:f112:83:face:b00c:0:25de",
            "2a03:2880:f103:181:face:b00c:0:25de",
            "2a03:2880:f10e:83:face:b00c:0:25de",
            "2a03:2880:f131:83:face:b00c:0:25de",
            "2a03:2880:f103:83:face:b00c:0:25de",
            "2a03:2880:f12c:183:face:b00c:0:25de",
            "2a03:2880:f10c:181:face:b00c:0:25de",
            "2a03:2880:f172:81:face:b00c:0:25de",
            "2a03:2880:f176:181:face:b00c:0:25de",
            "2a03:2880:f177:185:face:b00c:0:25de",
            "2a03:2880:f111:181:face:b00c:0:25de"
        ],
        "scan_ time": 1700802619.629123
    },
    "fandom.com": {
        "ipv4": [
            " 199.232.212.194",
            " 199.232.208.19",
            " 199.232.208.194",
            " 199.232.212.19"
        ],
        "ipv6": [],
        "scan_ time": 1700802711.4029791
    },
    "gradeinflation.com": {
        "ipv4": [
            " 51.79.45.18"
        ],
        "ipv6": [],
        "scan_ time": 1700803042.87447
    },
    "illinois.edu": {
        "ipv4": [
            " 192.17.172."
        ],
        "ipv6": [],
        "scan_ time": 1700802941.256711
    },
    "imdb.com": {
        "ipv4": [
            " 52.94.225.248",
            " 52.94.237.74",
            " 52.94.228.16",
            " 52.94.228.167",
            " 52.94.225.24",
            " 52.94.237.7"
        ],
        "ipv6": [],
        "scan_ time": 1700802693.826133
    },
    "instagram.com": {
        "ipv4": [
            " 157.240.254.17",
            " 31.13.71.17",
            " 157.240.249.17",
            " 157.240.229.17",
            " 31.13.80.17",
            " 157.240.22.17",
            " 31.13.66.17",
            " 157.240.14.17",
            " 157.240.15.17",
            " 157.240.245.17",
            " 157.240.0.17",
            " 31.13.88.17"
        ],
        "ipv6": [
            "2a03:2880:f275:e9:face:b00c:0:4420",
            "2a03:2880:f203:e5:face:b00c:0:4420",
            "2a03:2880:f212:e5:face:b00c:0:4420",
            "2a03:2880:f203:1e6:face:b00c:0:4420",
            "2a03:2880:f20e:e5:face:b00c:0:4420",
            "2a03:2880:f231:e5:face:b00c:0:4420",
            "2a03:2880:f22c:1e5:face:b00c:0:4420",
            "2a03:2880:f20c:1e5:face:b00c:0:4420",
            "2a03:2880:f272:e9:face:b00c:0:4420",
            "2a03:2880:f277:e2:face:b00c:0:4420",
            "2a03:2880:f277:1e8:face:b00c:0:4420",
            "2a03:2880:f275:1e9:face:b00c:0:4420",
            "2a03:2880:f211:1e6:face:b00c:0:4420"
        ],
        "scan_ time": 1700802766.036279
    },
    "it.eecs.northwestern.edu": {
        "ipv4": [
            " 129.105.5.14"
        ],
        "ipv6": [],
        "scan_ time": 1700802901.419167
    },
    "kellogg.northwestern.edu": {
        "ipv4": [
            " 165.124.147.15"
        ],
        "ipv6": [],
        "scan_ time": 1700802856.258484
    },
    "kli.org": {
        "ipv4": [
            " 104.21.4.169",
            " 172.67.132.7",
            " 172.67.132.72",
            " 104.21.4.16",
            " 172.64.80.",
            " 188.114.97.1",
            " 188.114.96.",
            " 188.114.96.1",
            " 188.114.97.",
            " 188.114.97.3"
        ],
        "ipv6": [
            "2606:4700:3033::6815:4a9",
            "2606:4700:3035::ac43:8448",
            "2606:4700:130:436c:6f75:6466:6c61:7265",
            "2a06:98c1:3121::1",
            "2a06:98c1:3120::1",
            "2a06:98c1:3120::3",
            "2a06:98c1:3121::3"
        ],
        "scan_ time": 1700803106.859349
    },
    "mccormick.northwestern.edu": {
        "ipv4": [
            " 165.124.149.2"
        ],
        "ipv6": [],
        "scan_ time": 1700802830.503396
    },
    "northwestern.edu": {
        "ipv4": [
            " 129.105.136.4"
        ],
        "ipv6": [],
        "scan_ time": 1700802801.957914
    },
    "pinterest.com": {
        "ipv4": [
            " 151.101.192.84",
            " 151.101.0.84",
            " 151.101.128.84",
            " 151.101.64.8",
            " 151.101.64.84",
            " 151.101.192.8",
            " 151.101.128.8",
            " 151.101.0.8"
        ],
        "ipv6": [],
        "scan_ time": 1700802729.169451
    },
    "pmichaud.com": {
        "ipv4": [
            " 23.254.203.24"
        ],
        "ipv6": [],
        "scan_ time": 1700803084.3799832
    },
    "reddit.com": {
        "ipv4": [
            " 151.101.193.140",
            " 151.101.129.140",
            " 151.101.1.140",
            " 151.101.65.14",
            " 151.101.65.140",
            " 151.101.193.14",
            " 151.101.1.14",
            " 151.101.129.14"
        ],
        "ipv6": [
            "2a04:4e42:400::396",
            "2a04:4e42::396",
            "2a04:4e42:600::396",
            "2a04:4e42:200::396"
        ],
        "scan_ time": 1700802675.951293
    },
    "spacejam.com": {
        "ipv4": [
            " 99.83.180.228",
            " 75.2.104.22",
            " 75.2.104.223",
            " 99.83.180.22"
        ],
        "ipv6": [],
        "scan_ time": 1700803064.848348
    },
    "stevetarzia.com": {
        "ipv4": [
            " 3.143.61.24"
        ],
        "ipv6": [],
        "scan_ time": 1700802959.5577059
    },
    "tripadvisor.com": {
        "ipv4": [
            " 151.101.2.28",
            " 151.101.130.28",
            " 151.101.194.28",
            " 151.101.66.2",
            " 151.101.66.28",
            " 151.101.194.2",
            " 151.101.130.2",
            " 151.101.2.2"
        ],
        "ipv6": [],
        "scan_ time": 1700802746.3723578
    },
    "twitter.com": {
        "ipv4": [
            " 104.244.42.",
            " 104.244.42.193",
            " 104.244.42.129",
            " 104.244.42.1",
            " 104.244.42.6",
            " 104.244.42.12",
            " 104.244.42.65",
            " 104.244.42.19"
        ],
        "ipv6": [],
        "scan_ time": 1700802602.298838
    },
    "uchicago.edu": {
        "ipv4": [
            " 3.215.148.8"
        ],
        "ipv6": [],
        "scan_ time": 1700802921.5533829
    },