{
    "amazon.com": {
        "scan_ time": 1700762489.900055
    },
    "asee.org": {
        "scan_ time": 1700762489.900067
    },
    "auditoryneuroscience.com": {
        "scan_ time": 1700762489.900067
    },
    "clocktab.com": {
        "scan_ time": 1700762489.9000661
    },
    "en.wikipedia.org": {
        "scan_ time": 1700762489.900054
    },
    "facebook.com": {
        "scan_ time": 1700762489.900055
    },
    "fandom.com": {
        "scan_ time": 1700762489.900057
    },
    "gradeinflation.com": {
        "scan_ time": 1700762489.900068
    },
    "illinois.edu": {
        "scan_ time": 1700762489.900065
    },
    "imdb.com": {
        "scan_ time": 1700762489.900057
    },
    "instagram.com": {
        "scan_ time": 1700762489.900061
    },
    "it.eecs.northwestern.edu": {
        "scan_ time": 1700762489.900064
    },
    "kellogg.northwestern.edu": {
        "scan_ time": 1700762489.900063
    },
    "kli.org": {
        "scan_ time": 1700762489.9000762
    },
    "mccormick.northwestern.edu": {
        "scan_ time": 1700762489.900063
    },
    "northwestern.edu": {
        "scan_ time": 1700762489.9000618
    },
    "pinterest.com": {
        "scan_ time": 1700762489.90006
    },
    "pmichaud.com": {
        "scan_ time": 1700762489.90007
    },
    "reddit.com": {
        "scan_ time": 1700762489.9000561
    },
    "spacejam.com": {
        "scan_ time": 1700762489.900068
    },
    "stevetarzia.com": {
        "scan_ time": 1700762489.900065
    },
    "tripadvisor.com": {
        "scan_ time": 1700762489.90006
    },
    "twitter.com": {
        "scan_ time": 1700762489.900054
    },
    "uchicago.edu": {
        "scan_ time": 1700762489.900064
    },
    "users.cs.northwestern.edu": {
        "scan_ time": 1700762489.900064
    },
    "walmart.com": {
        "scan_ time": 1700762489.9000618
    },
    "yelp.com": {
        "scan_ time": 1700762489.9000561
    },
    "youtube.com": {
        "scan_ time": 1700762489.900052
    }
}