{
    "amazon.com": {
        "geo_locations": [
            "Ashburn, Virginia, United States"
        ],
        "ipv4": [
            "54.239.28.85",
            "52.94.236.248",
            "205.251.242.10",
            "205.251.242.103",
            "54.239.28.8",
            "52.94.236.24"
        ],
        "scan_ time": 1701027681.8557692
    },
    "asee.org": {
        "geo_locations": [
            "Washington, Virginia, United States"
        ],
        "ipv4": [
            "20.49.104.4"
        ],
        "scan_ time": 1701027892.505614
    },
    "auditoryneuroscience.com": {
        "geo_locations": [
            "Central, Hong Kong"
        ],
        "ipv4": [
            "144.214.26.11"
        ],
        "scan_ time": 1701027880.0431721
    },
    "clocktab.com": {
        "geo_locations": [
            "United States"
        ],
        "ipv4": [
            "172.67.172.37",
            "104.21.47.19",
            "104.21.47.194",
            "172.67.172.3",
            "172.64.80."
        ],
        "scan_ time": 1701027872.222385
    },
    "en.wikipedia.org": {
        "geo_locations": [
            "United States",
            "Netherlands"
        ],
        "ipv4": [
            "208.80.154.22",
            "208.80.153.22",
            "185.15.59.22"
        ],
        "scan_ time": 1701027647.7393432
    },
    "facebook.com": {
        "geo_locations": [
            "United States",
            "Ireland"
        ],
        "ipv4": [
            "157.240.249.3",
            "31.13.71.3",
            "157.240.229.3",
            "157.240.241.3",
            "157.240.22.3",
            "31.13.66.3",
            "157.240.245.3",
            "157.240.15.3",
            "157.240.252.3",
            "157.240.254.3",
            "31.13.88.3"
        ],
        "scan_ time": 1701027670.488184
    },
    "fandom.com": {
        "geo_locations": [
            "United States"
        ],
        "ipv4": [
            "199.232.212.194",
            "199.232.208.19",
            "199.232.208.194",
            "199.232.212.19"
        ],
        "scan_ time": 1701027723.679446
    },
    "gradeinflation.com": {
        "geo_locations": [
            "Victoria, Canada"
        ],
        "ipv4": [
            "51.79.45.18"
        ],
        "scan_ time": 1701027901.563102
    },
    "illinois.edu": {
        "geo_locations": [],
        "ipv4": [
            "192.17.172."
        ],
        "scan_ time": 1701027852.231638
    },
    "imdb.com": {
        "geo_locations": [
            "Ashburn, Virginia, United States"
        ],
        "ipv4": [
            "52.94.228.167",
            "52.94.225.248",
            "52.94.237.7",
            "52.94.237.74",
            "52.94.228.16",
            "52.94.225.24"
        ],
        "scan_ time": 1701027712.165468
    },
    "instagram.com": {
        "geo_locations": [
            "United States",
            "Ireland"
        ],
        "ipv4": [
            "157.240.254.17",
            "157.240.249.17",
            "31.13.71.17",
            "157.240.229.17",
            "157.240.241.17",
            "157.240.22.17",
            "31.13.66.17",
            "157.240.199.17",
            "157.240.245.17",
            "157.240.252.17",
            "157.240.0.17",
            "31.13.88.17"
        ],
        "scan_ time": 1701027753.904675
    },
    "it.eecs.northwestern.edu": {
        "geo_locations": [
            "Chicago, Illinois, United States"
        ],
        "ipv4": [
            "129.105.5.14"
        ],
        "scan_ time": 1701027829.393402
    },
    "kellogg.northwestern.edu": {
        "geo_locations": [
            "United States"
        ],
        "ipv4": [
            "165.124.147.15"
        ],
        "scan_ time": 1701027805.561352
    },
    "kli.org": {
        "geo_locations": [
            "United States"
        ],
        "ipv4": [
            "172.67.132.72",
            "104.21.4.16",
            "172.64.80.",
            "104.21.4.169",
            "172.67.132.7",
            "188.114.97.1",
            "188.114.96.",
            "188.114.96.1",
            "188.114.97.",
            "188.114.97.3"
        ],
        "scan_ time": 1701027928.998999
    },
    "mccormick.northwestern.edu": {
        "geo_locations": [
            "United States"
        ],
        "ipv4": [
            "165.124.149.2"
        ],
        "scan_ time": 1701027792.543927
    },
    "northwestern.edu": {
        "geo_locations": [
            "United States"
        ],
        "ipv4": [
            "129.105.136.4"
        ],
        "scan_ time": 1701027773.226333
    },
    "pinterest.com": {
        "geo_locations": [
            "United States"
        ],
        "ipv4": [
            "151.101.192.84",
            "151.101.0.84",
            "151.101.128.84",
            "151.101.64.8",
            "151.101.64.84",
            "151.101.0.8",
            "151.101.192.8",
            "151.101.128.8"
        ],
        "scan_ time": 1701027734.958123
    },
    "pmichaud.com": {
        "geo_locations": [
            "United States"
        ],
        "ipv4": [
            "23.254.203.24"
        ],
        "scan_ time": 1701027920.2841861
    },
    "reddit.com": {
        "geo_locations": [
            "United States"
        ],
        "ipv4": [
            "151.101.1.140",
            "151.101.193.140",
            "151.101.129.140",
            "151.101.65.14",
            "151.101.65.140",
            "151.101.193.14",
            "151.101.1.14",
            "151.101.129.14"
        ],
        "scan_ time": 1701027702.717982
    },
    "spacejam.com": {
        "geo_locations": [
            "United States"
        ],
        "ipv4": [
            "75.2.104.223",
            "99.83.180.22",
            "99.83.180.228",
            "75.2.104.22"
        ],
        "scan_ time": 1701027909.859019
    },
    "stevetarzia.com": {
        "geo_locations": [
            "Columbus, Ohio, United States"
        ],
        "ipv4": [
            "3.143.61.24"
        ],
        "scan_ time": 1701027862.655384
    },
    "tripadvisor.com": {
        "geo_locations": [
            "United States"
        ],
        "ipv4": [
            "151.101.130.28",
            "151.101.2.28",
            "151.101.194.28",
            "151.101.66.2",
            "151.101.66.28",
            "151.101.2.2",
            "151.101.130.2",
            "151.101.194.2"
        ],
        "scan_ time": 1701027744.3344378
    },
    "twitter.com": {
        "geo_locations": [
            "United States"
        ],
        "ipv4": [
            "104.244.42.1",
            "104.244.42.129",
            "104.244.42.193",
            "104.244.42.6",
            "104.244.42.65",
            "104.244.42.19",
            "104.244.42.",
            "104.244.42.12"
        ],
        "scan_ time": 1701027659.276824
    },
    "uchicago.edu": {
        "geo_locations": [
            "United States"
        ],
        "ipv4": [
            "3.215.148.8"
        ],
        "scan_ time": 1701027839.920461
    },
    "users.cs.northwestern.edu": {
        "geo_locations": [
            "United States"
        ],
        "ipv4": [
            "165.124.180.2"
        ],
        "scan_ time": 1701027817.5774589
    },
    "walmart.com": {
        "geo_locations": [
            "United States"
        ],
        "ipv4": [
            "23.59.16.13",
            "23.196.180.13",
            "23.11.208.12",
            "23.219.48.14",
            "23.53.216.17",
            "23.54.40.17",
            "23.220.132.13",
            "23.46.224.15",
            "23.74.172.13",
            "23.59.182.17",
            "2.23.197.18",
            "23.198.32.17"
        ],
        "scan_ time": 1701027763.4362571
    },