{
    "amazon.com": {
        "ipv6": [],
        "scan_ time": 1701028355.120387
    },
    "asee.org": {
        "ipv6": [],
        "scan_ time": 1701028566.465954
    },
    "auditoryneuroscience.com": {
        "ipv6": [],
        "scan_ time": 1701028556.0672839
    },
    "clocktab.com": {
        "ipv6": [
            "2606:4700:3036::6815:2fc2",
            "2606:4700:3036::ac43:ac25",
            "2606:4700:130:436c:6f75:6466:6c61:7265"
        ],
        "scan_ time": 1701028546.239176
    },
    "en.wikipedia.org": {
        "ipv6": [
            "2620:0:861:ed1a::1",
            "2620:0:860:ed1a::1",
            "2a02:ec80:300:ed1a::1"
        ],
        "scan_ time": 1701028322.491532
    },
    "facebook.com": {
        "ipv6": [
            "2a03:2880:f175:81:face:b00c:0:25de",
            "2a03:2880:f175:181:face:b00c:0:25de",
            "2a03:2880:f112:83:face:b00c:0:25de",
            "2a03:2880:f103:181:face:b00c:0:25de",
            "2a03:2880:f112:182:face:b00c:0:25de",
            "2a03:2880:f131:83:face:b00c:0:25de",
            "2a03:2880:f103:83:face:b00c:0:25de",
            "2a03:2880:f10c:181:face:b00c:0:25de",
            "2a03:2880:f172:81:face:b00c:0:25de",
            "2a03:2880:f177:83:face:b00c:0:25de",
            "2a03:2880:f111:181:face:b00c:0:25de"
        ],
        "scan_ time": 1701028343.774414
    },
    "fandom.com": {
        "ipv6": [],
        "scan_ time": 1701028396.608356
    },
    "gradeinflation.com": {
        "ipv6": [],
        "scan_ time": 1701028575.783263
    },
    "illinois.edu": {
        "ipv6": [],
        "scan_ time": 1701028525.985434
    },
    "imdb.com": {
        "ipv6": [],
        "scan_ time": 1701028386.251553
    },
    "instagram.com": {
        "ipv6": [
            "2a03:2880:f275:1e9:face:b00c:0:4420",
            "2a03:2880:f275:e9:face:b00c:0:4420",
            "2a03:2880:f212:e5:face:b00c:0:4420",
            "2a03:2880:f203:1e6:face:b00c:0:4420",
            "2a03:2880:f212:1e4:face:b00c:0:4420",
            "2a03:2880:f231:e5:face:b00c:0:4420",
            "2a03:2880:f203:e5:face:b00c:0:4420",
            "2a03:2880:f20c:1e5:face:b00c:0:4420",
            "2a03:2880:f272:e9:face:b00c:0:4420",
            "2a03:2880:f242:e0:face:b00c:0:4420",
            "2a03:2880:f277:1e8:face:b00c:0:4420",
            "2a03:2880:f211:1e6:face:b00c:0:4420"
        ],
        "scan_ time": 1701028427.011426
    },
    "it.eecs.northwestern.edu": {
        "ipv6": [],
        "scan_ time": 1701028501.4420018
    },
    "kellogg.northwestern.edu": {
        "ipv6": [],
        "scan_ time": 1701028476.422412
    },
    "kli.org": {
        "ipv6": [
            "2606:4700:3035::ac43:8448",
            "2606:4700:3033::6815:4a9",
            "2606:4700:130:436c:6f75:6466:6c61:7265",
            "2a06:98c1:3121::1",
            "2a06:98c1:3120::1",
            "2a06:98c1:3121::3",
            "2a06:98c1:3120::3"
        ],
        "scan_ time": 1701028607.0609212
    },
    "mccormick.northwestern.edu": {
        "ipv6": [],
        "scan_ time": 1701028459.149869
    },
    "northwestern.edu": {
        "ipv6": [],
        "scan_ time": 1701028444.830959
    },
    "pinterest.com": {
        "ipv6": [],
        "scan_ time": 1701028405.9812741
    },
    "pmichaud.com": {
        "ipv6": [],
        "scan_ time": 1701028596.422216
    },
    "reddit.com": {
        "ipv6": [
            "2a04:4e42:400::396",
            "2a04:4e42:600::396",
            "2a04:4e42:200::396",
            "2a04:4e42::396"
        ],
        "scan_ time": 1701028376.382636
    },
    "spacejam.com": {
        "ipv6": [],
        "scan_ time": 1701028584.384236
    },
    "stevetarzia.com": {
        "ipv6": [],
        "scan_ time": 1701028536.2620192
    },
    "tripadvisor.com": {
        "ipv6": [],
        "scan_ time": 1701028415.4156601
    },
    "twitter.com": {
        "ipv6": [],
        "scan_ time": 1701028334.390629
    },
    "uchicago.edu": {
        "ipv6": [],
        "scan_ time": 1701028513.977538
    },
    "users.cs.northwestern.edu": {
        "ipv6": [],
        "scan_ time": 1701028487.0723982
    },
    "walmart.com": {
        "ipv6": [],
        "scan_ time": 1701028436.659044
    },
    "yelp.com": {
        "ipv6": [],
        "scan_ time": 1701028364.629442
    },
    "youtube.com": {
        "ipv6": [
            "2607:f8b0:4009:80b::200e",
            "2607:f8b0:4009:80a::200e",
            "2607:f8b0:4006:80d::200e",
            "2607:f8b0:4009:818::200e",
            "2607:f8b0:4009:808::200e",
            "2607:f8b0:4009:801::200e",
            "2607:f8b0:400c:c36::5b",
            "2607:f8b0:400c:c36::5d",
            "2607:f8b0:400c:c36::be",
            "2607:f8b0:400c:c36::88",
            "2607:f8b0:4004:c17::be",
            "2607:f8b0:4004:c17::5d",
            "2607:f8b0:4004:c17::88",
            "2607:f8b0:4004:c17::5b",
            "2607:f8b0:4023:1009::5b",
            "2607:f8b0:4023:1009::88",
            "2607:f8b0:4023:1009::be",
            "2607:f8b0:4023:1009::5d",
            "2404:6800:4001:80a::200e",
            "2607:f8b0:4006:821::200e",
            "2607:f8b0:4006:822::200e",
            "2a00:1450:4010:c0e::be",
            "2a00:1450:4010:c0e::88",
            "2a00:1450:4010:c0e::5d",
            "2a00:1450:4010:c0e::5b",
            "2607:f8b0:4009:802::200e",
            "2607:f8b0:4025:815::200e"
        ],
        "scan_ time": 1701028310.9267871
    }
}